id;name;email;adress;document_type_id
1;Andalucía;Ral_Alcal@gmail.com;Nacional Francia;1
2;transform;JulioCsar.Armenta@hotmail.com;navigate Toallas;2
3;Buckinghamshire bypass;MarcoAntonio65@gmail.com;Cliente Región connect;3
4;panel;Luis_Olivera52@gmail.com;Toallas Salchichas;4
5;override groupware;Dbora_Castaeda67@hotmail.com;interfaz Refinado Informática;5
6;Burkina;Micaela64@gmail.com;Increible Loan dedicada;6
7;web-enabled Puerta Consultor;Mateo.Orta@yahoo.com;matrix;7
8;Teclado Pequeño Sabroso;Jess97@hotmail.com;Mascotas Shilling;8
9;Morado;Felipe.Chavarra3@yahoo.com;Multi bandwidth programming;9
10;Plástico;Claudio90@gmail.com;web;10
